DATE,INFL,10YTR,1YTR,UNRATE,UMCSENT,,
31/01/1978,6.40809,7.96,7.28,6.4,83.7,,
28/02/1978,6.19765,8.03,7.34,6.3,84.3,,
31/03/1978,6.33333,8.04,7.31,6.3,78.8,,
30/04/1978,6.6335,8.15,7.45,6.1,81.6,,
31/05/1978,6.76568,8.35,7.82,6,82.9,,
30/06/1978,6.88525,8.46,8.09,5.9,80,,
31/07/1978,7.18954,8.64,8.39,6.2,82.4,,
31/08/1978,7.47967,8.41,8.31,5.9,78.4,,
30/09/1978,7.9288,8.42,8.64,6,80.4,,
31/10/1978,8.3871,8.64,9.14,5.8,79.3,,
30/11/1978,8.50722,8.81,10.01,5.9,75,,
31/12/1978,8.45295,9.01,10.3,6,66.1,,
31/1/1979,8.55784,9.1,10.41,5.9,72.1,,
28/2/1979,9.14826,9.1,10.24,5.9,73.9,,
30/3/1979,9.40439,9.12,10.25,5.8,68.4,,
30/4/1979,9.33126,9.18,10.12,5.8,66,,
31/5/1979,9.42813,9.25,10.12,5.6,68.1,,
29/6/1979,9.35583,8.91,9.57,5.7,65.8,,
31/7/1979,9.60366,8.95,9.64,5.7,60.4,,
31/8/1979,9.98487,9.03,9.98,6,64.5,,
28/9/1979,9.89505,9.33,10.84,5.9,66.7,,
31/10/1979,10.11905,10.3,12.44,6,62.1,,
30/11/1979,10.65089,10.65,12.39,5.9,63.3,,
31/12/1979,11.32353,10.39,11.98,6,61,,
31/1/1980,11.9708,10.8,12.06,6.3,67,,
29/2/1980,11.99422,12.41,13.92,6.3,66.9,,
31/3/1980,12.60745,12.75,15.82,6.3,56.5,,
30/4/1980,13.08677,11.47,13.3,6.9,52.7,,
30/5/1980,13.13559,10.18,9.39,7.5,51.7,,
30/6/1980,13.60449,9.78,8.16,7.6,58.7,,
31/7/1980,12.3783,10.25,8.65,7.8,62.3,,
29/8/1980,11.82944,11.1,10.24,7.7,67.3,,
30/9/1980,12.00546,11.51,11.52,7.5,73.7,,
31/10/1980,12.16216,11.75,12.49,7.5,75,,
28/11/1980,12.16578,12.68,14.15,7.5,76.7,,
31/12/1980,12.15324,12.84,14.88,7.2,64.5,,
30/1/1981,11.34289,12.57,14.08,7.5,71.4,,
27/2/1981,10.83871,13.19,14.57,7.4,66.9,,
31/3/1981,9.92366,13.12,13.71,7.4,66.5,,
30/4/1981,9.43396,13.68,14.32,7.2,72.4,,
29/5/1981,9.61298,14.1,16.2,7.5,76.3,,
30/6/1981,9.38272,13.47,14.86,7.5,73.1,,
31/7/1981,11.13861,14.28,15.72,7.2,74.1,,
31/8/1981,11.56212,14.94,16.72,7.4,77.2,,
30/9/1981,11.81486,15.32,16.52,7.6,73.1,,
30/10/1981,10.96386,15.15,15.38,7.9,70.3,,
30/11/1981,10.2503,13.39,12.41,8.3,62.5,,
31/12/1981,9.54064,13.72,12.85,8.5,64.3,,
29/1/1982,9.25059,14.59,14.32,8.6,71,,
26/2/1982,9.19674,14.43,14.73,8.9,66.5,,
31/3/1982,8.68056,13.86,13.95,9,62,,
30/4/1982,8.85057,13.87,13.98,9.3,65.5,,
28/5/1982,8.65604,13.62,13.34,9.4,67.5,,
30/6/1982,8.46501,14.3,14.07,9.6,65.7,,
30/7/1982,7.68374,13.95,13.24,9.8,65.4,,
31/8/1982,7.05623,13.06,11.43,9.8,65.4,,
30/9/1982,5.88235,12.34,10.85,10.1,69.3,,
29/10/1982,5.86319,10.91,9.32,10.4,73.4,,
30/11/1982,5.18919,10.55,9.16,10.8,72.1,,
31/12/1982,4.51613,10.54,8.91,10.8,71.9,,
31/1/1983,4.60879,10.46,8.62,10.4,70.4,,
28/2/1983,4.47761,10.72,8.92,10.4,74.6,,
31/3/1983,4.57934,10.51,9.04,10.3,80.8,,
29/4/1983,4.11827,10.4,8.98,10.2,89.1,,
31/5/1983,3.66876,10.38,8.9,10.1,93.3,,
30/6/1983,3.22581,10.85,9.66,10.1,92.2,,
29/7/1983,3.20579,11.38,10.2,9.4,92.8,,
31/8/1983,3.0896,11.85,10.53,9.5,90.9,,
30/9/1983,3.39506,11.65,10.16,9.2,89.9,,
31/10/1983,3.58974,11.54,9.81,8.8,89.3,,
30/11/1983,4.31655,11.69,9.94,8.5,91.1,,
30/12/1983,4.73251,11.83,10.11,8.3,94.2,,
31/1/1984,5.02049,11.67,9.9,8,100.1,,
29/2/1984,4.89796,11.84,10.04,7.8,97.4,,
30/3/1984,5.09165,12.32,10.59,7.8,101,,
30/4/1984,5.17241,12.63,10.9,7.7,96.1,,
31/5/1984,5.25784,13.41,11.66,7.4,98.1,,
29/6/1984,5.34274,13.56,12.08,7.2,95.5,,
31/7/1984,5.21042,13.36,12.03,7.5,96.6,,
31/8/1984,5.29471,12.72,11.82,7.5,99.1,,
28/9/1984,5.27363,12.52,11.58,7.3,100.9,,
31/10/1984,5.14851,12.16,10.9,7.4,96.3,,
30/11/1984,4.82759,11.57,9.82,7.2,95.7,,
31/12/1984,4.91159,11.5,9.33,7.3,92.9,,
31/1/1985,4.4878,11.38,9.02,7.3,96,,
28/2/1985,4.76654,11.51,9.29,7.2,93.7,,
29/3/1985,4.74806,11.86,9.86,7.2,93.7,,
30/4/1985,4.5323,11.43,9.14,7.3,94.6,,
31/5/1985,4.51489,10.85,8.46,7.2,91.8,,
28/6/1985,4.40191,10.16,7.8,7.4,96.5,,
31/7/1985,4.19048,10.31,7.86,7.4,94,,
30/8/1985,4.17457,10.33,8.05,7.1,92.4,,
30/9/1985,3.96975,10.37,8.07,7.1,92.1,,
31/10/1985,4.04896,10.24,8.01,7.1,88.4,,
29/11/1985,4.41729,9.78,7.88,7,90.9,,
31/12/1985,4.30712,9.26,7.67,7,93.9,,
31/1/1986,4.48179,9.19,7.73,6.7,95.6,,
28/2/1986,4.17827,8.7,7.61,7.2,95.9,,
31/3/1986,4.07031,7.78,7.03,7.2,95.1,,
30/4/1986,4.15129,7.3,6.44,7.1,96.2,,
30/5/1986,3.95221,7.71,6.65,7.2,94.8,,
30/6/1986,3.94134,7.8,6.73,7.2,99.3,,
31/7/1986,4.02194,7.3,6.27,7,97.7,,
29/8/1986,4.00729,7.17,5.93,6.9,94.9,,
30/9/1986,4.18182,7.45,5.77,7,91.9,,
31/10/1986,4.0724,7.43,5.72,7,95.6,,
28/11/1986,3.78038,7.25,5.8,6.9,91.4,,
31/12/1986,3.7702,7.11,5.87,6.6,89.1,,
30/1/1987,3.57462,7.08,5.78,6.6,90.4,,
27/2/1987,3.56506,7.25,5.96,6.6,90.2,,
31/3/1987,3.64444,7.25,6.03,6.6,90.8,,
30/4/1987,3.89725,8.02,6.5,6.3,92.8,,
29/5/1987,4.0672,8.61,7,6.3,91.1,,
30/6/1987,3.96825,8.4,6.8,6.2,91.5,,
31/7/1987,3.95431,8.45,6.68,6.1,93.7,,
31/8/1987,3.94046,8.76,7.03,6,94.4,,
30/9/1987,4.01396,9.42,7.67,5.9,93.6,,
30/10/1987,4.17391,9.52,7.59,6,89.3,,
30/11/1987,4.16305,8.86,6.96,5.8,83.1,,
31/12/1987,4.15225,8.99,7.17,5.7,86.8,,
29/1/1988,4.31406,8.67,6.99,5.7,90.8,,
29/2/1988,4.30293,8.21,6.64,5.7,91.6,,
31/3/1988,4.37393,8.37,6.71,5.7,94.6,,
29/4/1988,4.26257,8.72,7.01,5.4,91.2,,
31/5/1988,4.24809,9.09,7.4,5.6,94.8,,
30/6/1988,4.49534,8.92,7.49,5.4,94.7,,
29/7/1988,4.48014,9.06,7.75,5.4,93.4,,
31/8/1988,4.46504,9.26,8.17,5.6,97.4,,
30/9/1988,4.61409,8.98,8.09,5.4,97.3,,
31/10/1988,4.50751,8.8,8.11,5.4,94.1,,
30/11/1988,4.57952,8.96,8.48,5.3,93,,
30/12/1988,4.65116,9.11,8.99,5.3,91.9,,
31/1/1989,4.63193,9.09,9.05,5.4,97.9,,
28/2/1989,4.70297,9.17,9.25,5.2,95.4,,
31/3/1989,4.68365,9.36,9.57,5,94.3,,
28/4/1989,4.49714,9.18,9.36,5.2,91.5,,
31/5/1989,4.56398,8.86,8.98,5.2,90.7,,
30/6/1989,4.54545,8.28,8.44,5.3,90.6,,
31/7/1989,4.53074,8.02,7.89,5.2,92,,
31/8/1989,4.43548,8.11,8.18,5.2,89.6,,
29/9/1989,4.17001,8.19,8.22,5.3,95.8,,
31/10/1989,4.3131,8.01,7.99,5.3,93.9,,
30/11/1989,4.37898,7.87,7.77,5.4,90.9,,
29/12/1989,4.44444,7.84,7.72,5.4,90.5,,
31/1/1990,4.42688,8.21,7.92,5.4,93,,
28/2/1990,4.57053,8.47,8.11,5.3,89.5,,
30/3/1990,4.78807,8.59,8.35,5.2,91.3,,
30/4/1990,4.85133,8.79,8.4,5.4,93.9,,
31/5/1990,4.75448,8.76,8.32,5.4,90.6,,
29/6/1990,4.8913,8.48,8.1,5.2,88.3,,
31/7/1990,5.10836,8.47,7.94,5.5,88.2,,
31/8/1990,5.48263,8.75,7.78,5.7,76.4,,
28/9/1990,5.54273,8.89,7.76,5.9,72.8,,
31/10/1990,5.35988,8.72,7.55,5.9,63.9,,
30/11/1990,5.26316,8.39,7.31,6.2,66,,
31/12/1990,5.31915,8.08,7.05,6.3,65.5,,
31/1/1991,5.60182,8.09,6.64,6.4,66.8,,
28/2/1991,5.65185,7.85,6.27,6.6,70.4,,
28/3/1991,5.24345,8.11,6.4,6.8,87.7,,
30/4/1991,5.14925,8.04,6.24,6.7,81.8,,
31/5/1991,5.13393,8.07,6.13,6.9,78.3,,
28/6/1991,4.95929,8.28,6.36,6.9,82.1,,
31/7/1991,4.78645,8.27,6.31,6.8,82.9,,
30/8/1991,4.61201,7.9,5.78,6.9,82,,
30/9/1991,4.59519,7.65,5.57,6.9,83,,
31/10/1991,4.43314,7.53,5.33,7,78.3,,
29/11/1991,4.49275,7.42,4.89,7,69.1,,
31/12/1991,4.40115,7.09,4.38,7.3,68.2,,
31/1/1992,4.01434,7.03,4.15,7.3,67.5,,
28/2/1992,3.70899,7.34,4.29,7.4,68.8,,
31/3/1992,3.84342,7.54,4.63,7.4,76,,
30/4/1992,3.83251,7.48,4.3,7.4,77.2,,
29/5/1992,3.89243,7.39,4.19,7.6,79.2,,
30/6/1992,3.73766,7.26,4.17,7.8,80.4,,
31/7/1992,3.72453,6.84,3.6,7.7,76.6,,
31/8/1992,3.49895,6.59,3.47,7.6,76.1,,
30/9/1992,3.27755,6.42,3.18,7.6,75.6,,
30/10/1992,3.54906,6.59,3.3,7.3,73.3,,
30/11/1992,3.46741,6.87,3.68,7.4,85.3,,
31/12/1992,3.38632,6.77,3.71,7.4,91,,
29/1/1993,3.4459,6.6,3.5,7.3,89.3,,
26/2/1993,3.57634,6.26,3.39,7.1,86.6,,
31/3/1993,3.35846,5.98,3.33,7,85.9,,
30/4/1993,3.48599,5.97,3.24,7.1,85.6,,
28/5/1993,3.40599,6.04,3.36,7.1,80.3,,
30/6/1993,3.39905,5.96,3.54,7,81.5,,
30/7/1993,3.18428,5.81,3.47,6.9,77,,
31/8/1993,3.31305,5.68,3.44,6.8,77.3,,
30/9/1993,3.24105,5.36,3.36,6.7,77.9,,
29/10/1993,3.0914,5.33,3.39,6.8,82.7,,
30/11/1993,3.15013,5.72,3.58,6.6,81.2,,
31/12/1993,3.14171,5.77,3.61,6.5,88.2,,
31/1/1994,2.93138,5.75,3.54,6.6,94.3,,
28/2/1994,2.78884,5.97,3.87,6.6,93.2,,
31/3/1994,2.98408,6.48,4.32,6.5,91.5,,
29/4/1994,2.70806,6.97,4.82,6.4,92.6,,
31/5/1994,2.70092,7.18,5.31,6.1,92.8,,
30/6/1994,2.82709,7.1,5.27,6.1,91.2,,
29/7/1994,2.88903,7.3,5.48,6.1,89,,
31/8/1994,2.81414,7.24,5.56,6,91.7,,
30/9/1994,3.0085,7.46,5.76,5.9,91.5,,
31/10/1994,2.86832,7.74,6.11,5.8,92.7,,
30/11/1994,2.79402,7.96,6.54,5.6,91.6,,
30/12/1994,2.59235,7.81,7.14,5.5,95.1,,
31/1/1995,2.91262,7.78,7.05,5.6,97.6,,
28/2/1995,2.97158,7.47,6.7,5.4,95.1,,
31/3/1995,2.96201,7.2,6.43,5.4,90.3,,
28/4/1995,3.15113,7.06,6.27,5.8,92.5,,
31/5/1995,3.0789,6.63,6,5.6,89.8,,
30/6/1995,3.00512,6.17,5.64,5.6,92.7,,
31/7/1995,2.99936,6.28,5.59,5.7,94.4,,
31/8/1995,2.99173,6.49,5.75,5.7,96.2,,
29/9/1995,2.98413,6.2,5.62,5.6,88.9,,
31/10/1995,3.1052,6.04,5.59,5.5,90.2,,
30/11/1995,3.03413,5.93,5.43,5.6,88.2,,
29/12/1995,3.03222,5.71,5.31,5.6,91,,
31/1/1996,2.95597,5.65,5.09,5.6,89.3,,
29/2/1996,2.88582,5.81,4.94,5.5,88.5,,
29/3/1996,2.81426,6.27,5.34,5.5,93.7,,
30/4/1996,2.61845,6.51,5.54,5.6,92.7,,
31/5/1996,2.67579,6.74,5.64,5.6,89.4,,
28/6/1996,2.66915,6.91,5.81,5.3,92.4,,
31/7/1996,2.66419,6.87,5.85,5.5,94.7,,
30/8/1996,2.5958,6.64,5.67,5.1,95.3,,
30/9/1996,2.65105,6.83,5.83,5.2,94.7,,
31/10/1996,2.51998,6.53,5.55,5.2,96.5,,
29/11/1996,2.57669,6.2,5.42,5.4,99.2,,
31/12/1996,2.63642,6.3,5.47,5.4,96.9,,
31/1/1997,2.50458,6.58,5.61,5.3,97.4,,
28/2/1997,2.5,6.42,5.53,5.2,99.7,,
31/3/1997,2.43309,6.69,5.8,5.2,100,,
30/4/1997,2.61239,6.89,5.99,5.1,101.4,,
30/5/1997,2.54545,6.71,5.87,4.9,103.2,,
30/6/1997,2.41838,6.49,5.69,5,104.5,,
31/7/1997,2.414,6.22,5.54,4.9,107.1,,
29/8/1997,2.28916,6.3,5.56,4.8,104.4,,
30/9/1997,2.22222,6.21,5.52,4.9,106,,
31/10/1997,2.27818,6.03,5.46,4.7,105.6,,
28/11/1997,2.15311,5.88,5.46,4.6,107.2,,
31/12/1997,2.27001,5.81,5.53,4.7,102.1,,
30/1/1998,2.2646,5.54,5.24,4.6,106.6,,
27/2/1998,2.26056,5.57,5.31,4.6,110.4,,
31/3/1998,2.25653,5.65,5.39,4.7,106.5,,
30/4/1998,2.13144,5.64,5.38,4.3,108.7,,
29/5/1998,2.18676,5.65,5.44,4.4,106.5,,
30/6/1998,2.24321,5.5,5.41,4.5,105.6,,
31/7/1998,2.23925,5.46,5.36,4.5,105.2,,
31/8/1998,2.4735,5.34,5.21,4.5,104.4,,
30/9/1998,2.35018,4.81,4.71,4.6,100.9,,
30/10/1998,2.22743,4.53,4.12,4.5,97.4,,
30/11/1998,2.34192,4.83,4.53,4.4,102.7,,
31/12/1998,2.45327,4.65,4.52,4.4,100.5,,
29/1/1999,2.331,4.72,4.51,4.3,103.9,,
26/2/1999,2.15241,5,4.7,4.4,108.1,,
31/3/1999,2.03252,5.23,4.78,4.2,105.7,,
30/4/1999,2.2029,5.18,4.69,4.3,104.6,,
28/5/1999,2.08213,5.54,4.85,4.2,106.8,,
30/6/1999,1.96305,5.9,5.1,4.3,107.3,,
30/7/1999,2.07493,5.79,5.03,4.3,106,,
31/8/1999,1.89655,5.94,5.2,4.2,104.5,,
30/9/1999,2.06659,5.92,5.25,4.2,107.2,,
29/10/1999,2.12156,6.11,5.43,4.1,103.2,,
30/11/1999,2.0595,6.03,5.55,4.1,107.2,,
31/12/1999,1.88141,6.28,5.84,4,105.4,,
31/1/2000,2.10706,6.66,6.12,4,112,,
29/2/2000,2.16401,6.52,6.22,4.1,111.3,,
31/3/2000,2.44735,6.26,6.22,4,107.1,,
28/4/2000,2.26886,5.99,6.15,3.8,109.2,,
31/5/2000,2.3796,6.44,6.33,4,110.7,,
30/6/2000,2.54813,6.1,6.17,4,106.4,,
31/7/2000,2.48447,6.05,6.08,4,108.3,,
31/8/2000,2.59447,5.83,6.18,4.1,107.3,,
29/9/2000,2.53093,5.8,6.13,3.9,106.8,,
31/10/2000,2.52667,5.74,6.01,3.9,105.8,,
30/11/2000,2.63453,5.72,6.09,3.9,107.6,,
29/12/2000,2.57415,5.24,5.6,3.9,98.4,,
31/1/2001,2.56553,5.16,4.81,4.2,94.7,,
28/2/2001,2.78707,5.1,4.68,4.2,90.6,,
30/3/2001,2.61111,4.89,4.3,4.3,91.5,,
30/4/2001,2.66223,5.14,3.98,4.4,88.4,,
31/5/2001,2.54566,5.39,3.78,4.3,92,,
29/6/2001,2.70569,5.28,3.58,4.5,92.6,,
31/7/2001,2.69972,5.24,3.62,4.6,92.4,,
31/8/2001,2.63881,4.97,3.47,4.9,91.5,,
28/9/2001,2.63302,4.73,2.82,5,81.8,,
31/10/2001,2.6287,4.57,2.33,5.3,82.7,,
30/11/2001,2.73075,4.65,2.18,5.5,83.9,,
31/12/2001,2.78232,5.09,2.22,5.7,88.8,,
31/1/2002,2.61011,5.04,2.16,5.7,93,,
28/2/2002,2.54881,4.91,2.23,5.7,90.7,,
28/3/2002,2.43638,5.28,2.57,5.7,95.7,,
30/4/2002,2.48514,5.21,2.48,5.9,93,,
31/5/2002,2.53643,5.16,2.35,5.8,96.9,,
28/6/2002,2.25806,4.93,2.2,5.8,92.4,,
31/7/2002,2.19957,4.65,1.96,5.8,88.1,,
30/8/2002,2.35672,4.26,1.76,5.7,87.6,,
30/9/2002,2.24479,3.87,1.72,5.7,86.1,,
31/10/2002,2.18783,3.94,1.65,5.7,80.6,,
29/11/2002,2.0202,4.05,1.49,5.9,84.2,,
31/12/2002,1.96391,4.03,1.45,6,86.7,,
31/1/2003,1.96078,4.05,1.36,5.8,82.4,,
28/2/2003,1.79799,3.9,1.3,5.9,79.9,,
31/3/2003,1.74419,3.81,1.24,5.9,77.6,,
30/4/2003,1.47601,3.96,1.27,6,86,,
30/5/2003,1.52632,3.57,1.18,6.1,92.1,,
30/6/2003,1.47213,3.33,1.01,6.3,89.7,,
31/7/2003,1.52231,3.98,1.12,6.2,90.9,,
29/8/2003,1.30822,4.45,1.31,6.1,89.3,,
30/9/2003,1.25457,4.27,1.24,6.1,87.7,,
31/10/2003,1.30548,4.29,1.25,6,89.6,,
28/11/2003,1.09432,4.3,1.34,5.8,93.7,,
31/12/2003,1.09318,4.27,1.31,5.7,92.6,,
30/1/2004,1.14345,4.15,1.24,5.7,103.8,,
27/2/2004,1.24675,4.08,1.24,5.6,94.4,,
31/3/2004,1.55844,3.83,1.19,5.8,95.8,,
30/4/2004,1.76623,4.35,1.43,5.6,94.2,,
28/5/2004,1.71073,4.72,1.78,5.6,90.2,,
30/6/2004,1.86528,4.73,2.12,5.6,95.6,,
30/7/2004,1.75801,4.5,2.1,5.5,96.7,,
31/8/2004,1.70455,4.28,2.02,5.4,95.9,,
30/9/2004,1.9618,4.13,2.12,5.4,94.2,,
29/10/2004,2.01031,4.1,2.23,5.5,91.7,,
30/11/2004,2.21649,4.19,2.5,5.4,92.8,,
31/12/2004,2.26571,4.23,2.67,5.4,97.1,,
31/1/2005,2.26105,4.22,2.86,5.3,95.5,,
28/2/2005,2.30888,4.17,3.03,5.4,94.1,,
31/3/2005,2.35294,4.5,3.3,5.2,92.6,,
29/4/2005,2.195,4.34,3.32,5.2,87.7,,
31/5/2005,2.19164,4.14,3.33,5.1,86.9,,
30/6/2005,2.03459,4,3.36,5,96,,
29/7/2005,2.08333,4.18,3.64,5,96.5,,
31/8/2005,2.13306,4.26,3.87,4.9,89.1,,
30/9/2005,1.92405,4.2,3.85,5,76.9,,
31/10/2005,2.07175,4.46,4.18,5,74.2,,
30/11/2005,2.118,4.54,4.33,5,81.6,,
30/12/2005,2.1148,4.47,4.35,4.9,91.5,,
31/1/2006,2.11055,4.42,4.45,4.7,91.2,,
28/2/2006,2.10632,4.57,4.68,4.8,86.7,,
31/3/2006,2.09895,4.72,4.77,4.7,88.9,,
28/4/2006,2.2977,4.99,4.9,4.7,87.4,,
31/5/2006,2.44389,5.11,5,4.6,79.1,,
30/6/2006,2.64207,5.11,5.16,4.6,84.9,,
31/7/2006,2.6879,5.09,5.22,4.7,84.7,,
31/8/2006,2.83441,4.88,5.08,4.7,82,,
29/9/2006,2.93095,4.72,4.97,4.5,85.4,,
31/10/2006,2.77228,4.73,5.01,4.4,93.6,,
30/11/2006,2.61728,4.6,5.01,4.5,92.1,,
29/12/2006,2.61341,4.56,4.94,4.4,91.7,,
31/1/2007,2.65748,4.76,5.06,4.6,96.9,,
28/2/2007,2.71857,4.72,5.05,4.5,91.3,,
30/3/2007,2.50514,4.56,4.92,4.4,88.4,,
30/4/2007,2.41553,4.69,4.93,4.5,87.1,,
31/5/2007,2.26777,4.75,4.91,4.4,88.3,,
29/6/2007,2.18164,5.1,4.96,4.6,85.3,,
31/7/2007,2.1682,5,4.96,4.7,90.4,,
31/8/2007,2.08849,4.67,4.47,4.6,83.4,,
28/9/2007,2.10135,4.52,4.14,4.7,83.4,,
31/10/2007,2.15655,4.53,4.1,4.7,80.9,,
30/11/2007,2.33879,4.15,3.5,4.7,76.1,,
31/12/2007,2.43537,4.1,3.26,5,75.5,,
31/1/2008,2.47891,3.74,2.71,5,78.4,,
29/2/2008,2.29708,3.74,2.05,4.9,70.8,,
31/3/2008,2.38852,3.51,1.54,5.1,69.5,,
30/4/2008,2.29467,3.68,1.74,5,62.6,,
30/5/2008,2.32222,3.88,2.06,5.4,59.8,,
30/6/2008,2.39173,4.1,2.42,5.6,56.4,,
31/7/2008,2.46331,4.01,2.28,5.8,61.2,,
29/8/2008,2.49812,3.89,2.18,6.1,63,,
30/9/2008,2.43862,3.69,1.91,6.1,70.3,,
31/10/2008,2.22136,3.81,1.42,6.5,57.6,,
28/11/2008,2.01589,3.53,1.07,6.8,55.3,,
31/12/2008,1.76246,2.42,0.49,7.3,60.1,,
30/1/2009,1.67235,2.52,0.44,7.8,61.2,,
27/2/2009,1.80098,2.87,0.62,8.3,56.3,,
31/3/2009,1.78761,2.82,0.64,8.7,57.3,,
30/4/2009,1.93233,2.93,0.55,9,65.1,,
29/5/2009,1.84613,3.29,0.5,9.4,68.7,,
30/6/2009,1.71197,3.72,0.51,9.5,70.8,,
31/7/2009,1.5271,3.56,0.48,9.5,66,,
31/8/2009,1.43397,3.59,0.46,9.6,65.7,,
30/9/2009,1.47984,3.4,0.4,9.8,73.5,,
30/10/2009,1.71273,3.39,0.37,10,70.6,,
30/11/2009,1.71424,3.4,0.31,9.9,67.4,,
31/12/2009,1.82367,3.59,0.37,9.9,72.5,,
29/1/2010,1.51234,3.73,0.35,9.8,74.4,,
26/2/2010,1.34945,3.69,0.35,9.8,73.6,,
31/3/2010,1.15921,3.73,0.4,9.9,73.6,,
30/4/2010,0.96751,3.85,0.45,9.9,72.2,,
28/5/2010,0.94014,3.42,0.37,9.6,73.6,,
30/6/2010,0.9502,3.2,0.32,9.4,76,,
30/7/2010,0.95775,3.01,0.29,9.4,67.8,,
31/8/2010,0.9171,2.7,0.26,9.5,68.9,,
30/9/2010,0.81439,2.65,0.26,9.5,68.2,,
29/10/2010,0.60272,2.54,0.23,9.4,67.7,,
30/11/2010,0.67206,2.76,0.25,9.8,71.6,,
31/12/2010,0.66189,3.29,0.29,9.3,74.5,,
31/1/2011,0.98353,3.39,0.27,9.1,74.2,,
28/2/2011,1.12445,3.58,0.29,9,77.5,,
31/3/2011,1.20979,3.41,0.26,9,67.5,,
29/4/2011,1.31554,3.46,0.25,9.1,69.8,,
31/5/2011,1.4541,3.17,0.19,9,74.3,,
30/6/2011,1.58368,3,0.18,9.1,71.5,,
29/7/2011,1.74148,3,0.19,9,63.7,,
31/8/2011,1.96516,2.3,0.11,9,55.8,,
30/9/2011,1.98772,1.98,0.1,9,59.5,,
31/10/2011,2.10792,2.15,0.11,8.8,60.8,,
30/11/2011,2.1382,2.01,0.11,8.6,63.7,,
30/12/2011,2.27666,1.98,0.12,8.5,69.9,,
31/1/2012,2.27735,1.97,0.12,8.3,75,,
29/2/2012,2.15982,1.97,0.16,8.3,75.3,,
30/3/2012,2.24834,2.17,0.19,8.2,76.2,,
30/4/2012,2.31443,2.05,0.18,8.2,76.4,,
31/5/2012,2.25226,1.8,0.19,8.2,79.3,,
29/6/2012,2.19229,1.62,0.19,8.2,73.2,,
31/7/2012,2.10996,1.53,0.19,8.2,72.3,,
31/8/2012,1.93525,1.68,0.18,8.1,74.3,,
28/9/2012,2.00824,1.72,0.18,7.8,78.3,,
31/10/2012,1.99465,1.75,0.18,7.8,82.6,,
30/11/2012,1.95285,1.65,0.18,7.7,82.7,,
31/12/2012,1.89969,1.72,0.16,7.9,72.9,,
31/1/2013,1.9098,1.91,0.15,8,73.8,,
28/2/2013,1.98874,1.98,0.16,7.7,77.6,,
28/3/2013,1.88902,1.96,0.15,7.5,78.6,,
30/4/2013,1.71556,1.76,0.12,7.6,76.4,,
31/5/2013,1.64555,1.93,0.12,7.5,84.5,,
28/6/2013,1.6231,2.3,0.14,7.5,84.1,,
31/7/2013,1.70022,2.58,0.12,7.3,85.1,,
30/8/2013,1.78211,2.74,0.13,7.2,82.1,,
30/9/2013,1.75194,2.81,0.12,7.2,77.5,,
31/10/2013,1.68684,2.62,0.12,7.2,73.2,,
29/11/2013,1.74167,2.72,0.12,6.9,75.1,,
31/12/2013,1.74086,2.9,0.13,6.7,82.5,,
31/1/2014,1.60703,2.86,0.12,6.6,81.2,,
28/2/2014,1.55481,2.71,0.12,6.7,81.6,,
31/3/2014,1.64566,2.72,0.13,6.7,80,,
30/4/2014,1.82106,2.71,0.11,6.2,84.1,,
30/5/2014,1.94553,2.56,0.1,6.3,81.9,,
30/6/2014,1.92286,2.6,0.1,6.1,82.5,,
31/7/2014,1.84496,2.54,0.11,6.2,81.8,,
29/8/2014,1.7364,2.42,0.11,6.1,82.5,,
30/9/2014,1.74095,2.53,0.11,5.9,84.6,,
31/10/2014,1.81763,2.3,0.1,5.7,86.9,,
28/11/2014,1.74159,2.33,0.13,5.8,88.8,,
31/12/2014,1.62242,2.21,0.21,5.6,93.6,,
30/1/2015,1.63163,1.88,0.2,5.7,98.1,,
27/2/2015,1.68808,1.98,0.22,5.5,95.4,,
31/3/2015,1.74538,2.04,0.25,5.4,93,,
30/4/2015,1.80283,1.94,0.23,5.4,95.9,,
29/5/2015,1.75094,2.2,0.24,5.6,90.7,,
30/6/2015,1.77727,2.36,0.28,5.3,96.1,,
31/7/2015,1.83463,2.32,0.3,5.2,93.1,,
31/8/2015,1.85063,2.17,0.38,5.1,91.9,,
30/9/2015,1.8971,2.17,0.37,5,87.2,,
30/10/2015,1.91353,2.07,0.26,5,90,,
30/11/2015,1.99743,2.26,0.48,5.1,91.3,,
31/12/2015,2.07151,2.24,0.65,5,92.6,,
29/1/2016,2.14502,2.09,0.54,4.8,92,,
29/2/2016,2.22257,1.78,0.53,4.9,91.7,,
31/3/2016,2.14243,1.89,0.66,5,91,,
29/4/2016,2.15665,1.81,0.56,5.1,89,,
31/5/2016,2.25456,1.81,0.59,4.8,94.7,,
30/6/2016,2.26221,1.64,0.55,4.9,93.5,,
29/7/2016,2.17014,1.5,0.51,4.8,90,,
31/8/2016,2.30873,1.56,0.57,4.9,89.8,,
30/9/2016,2.27112,1.63,0.59,5,91.2,,
31/10/2016,2.20456,1.76,0.66,4.9,87.2,,
30/11/2016,2.14542,2.14,0.74,4.7,93.8,,
30/12/2016,2.19712,2.49,0.87,4.7,98.2,,
31/1/2017,2.25021,2.43,0.83,4.7,98.5,,
28/2/2017,2.23535,2.42,0.82,4.6,96.3,,
31/3/2017,2.04585,2.48,1.01,4.4,96.9,,
28/4/2017,1.89657,2.3,1.04,4.4,97,,
31/5/2017,1.73709,2.3,1.12,4.4,97.1,,
30/6/2017,1.69912,2.19,1.2,4.3,95,,
31/7/2017,1.67696,2.32,1.22,4.3,93.4,,
31/8/2017,1.65524,2.21,1.23,4.4,96.8,,
29/9/2017,1.59539,2.2,1.28,4.3,95.1,,
31/10/2017,1.75964,2.36,1.4,4.2,100.7,,
30/11/2017,1.73761,2.35,1.56,4.2,98.5,,
29/12/2017,1.77017,2.4,1.7,4.1,95.9,,
31/1/2018,1.89127,2.58,1.8,4,95.7,,
28/2/2018,1.8777,2.86,1.96,4.1,99.7,,
29/3/2018,2.12278,2.84,2.06,4,101.4,,
30/4/2018,2.15064,2.87,2.15,4,98.8,,
31/5/2018,2.273,2.98,2.27,3.8,98,,
29/6/2018,2.24552,2.91,2.33,4,98.2,,
31/7/2018,2.2676,2.89,2.39,3.8,97.9,,
31/8/2018,2.12089,2.89,2.45,3.8,96.2,,
28/9/2018,2.19768,3,2.56,3.7,100.1,,
31/10/2018,2.12641,3.15,2.65,3.8,98.6,,
30/11/2018,2.21538,3.12,2.7,3.8,97.5,,
31/12/2018,2.24853,2.83,2.66,3.9,98.3,,
31/1/2019,2.14809,2.71,2.58,4,91.2,,
28/2/2019,2.09455,2.68,2.55,3.8,93.8,,
29/3/2019,2.05486,2.57,2.49,3.8,98.4,,
30/4/2019,2.08315,2.53,2.42,3.6,97.2,,
31/5/2019,2.00626,2.4,2.34,3.7,100,,
28/6/2019,2.12122,2.07,2,3.6,98.2,,
31/7/2019,2.17851,2.06,1.96,3.7,98.4,,
30/8/2019,2.35914,1.63,1.77,3.7,89.8,,
30/9/2019,2.34433,1.7,1.8,3.5,93.2,,
31/10/2019,2.32623,1.71,1.61,3.6,95.5,,
29/11/2019,2.33003,1.81,1.57,3.6,96.8,,
31/12/2019,2.25368,1.86,1.55,3.6,99.3,,
31/1/2020,2.2786,1.76,1.53,3.5,99.8,,
28/2/2020,2.381,1.5,1.41,3.5,101,,
31/3/2020,2.12322,0.87,0.33,4.4,89.1,,
30/4/2020,1.44861,0.66,0.18,14.7,71.8,,
29/5/2020,1.24665,0.67,0.16,13.2,72.3,,
30/6/2020,1.17668,0.73,0.18,11,78.1,,
31/7/2020,1.53392,0.62,0.15,10.2,72.5,,
31/8/2020,1.70243,0.65,0.13,8.4,74.1,,
30/9/2020,1.70672,0.68,0.13,7.9,80.4,,
30/10/2020,1.6215,0.79,0.13,6.9,81.8,,
30/11/2020,1.66375,0.87,0.12,6.7,76.9,,
31/12/2020,1.63317,0.93,0.1,6.7,80.7,,
29/1/2021,1.40909,1.08,0.1,6.3,79,,
26/2/2021,1.28852,1.26,0.07,6.2,76.8,,
31/3/2021,1.66086,1.61,0.08,6.1,84.9,,
30/4/2021,2.95141,1.64,0.06,6.1,88.3,,
28/5/2021,3.79555,1.62,0.05,5.8,82.9,,
30/6/2021,4.40831,1.52,0.07,5.9,85.5,,
30/7/2021,4.17801,1.32,0.08,5.4,81.2,,
31/8/2021,3.94384,1.28,0.07,5.2,70.3,,
30/9/2021,4.02212,1.37,0.08,4.8,72.8,,
29/10/2021,4.5878,1.58,0.11,4.5,71.7,,
30/11/2021,4.97923,1.56,0.18,4.2,67.4,,
31/12/2021,5.52269,1.47,0.3,3.9,70.6,,
31/1/2022,6.0688,1.76,0.55,4,67.2,,
28/2/2022,6.43453,1.93,1,3.8,62.8,,
31/3/2022,6.45242,2.13,1.34,3.6,59.4,,
29/4/2022,6.13819,2.75,1.89,3.6,65.2,,
31/5/2022,6.02095,2.9,2.06,3.6,58.4,,
30/6/2022,5.88492,3.14,2.65,3.6,50,,
29/7/2022,5.8893,2.9,3.02,3.5,51.5,,
31/8/2022,6.3005,2.9,3.28,3.7,58.2,,
30/9/2022,6.64296,3.52,3.89,3.5,58.6,,
31/10/2022,6.30176,3.98,4.43,3.7,59.9,,
30/11/2022,5.97198,3.89,4.73,3.6,56.8,,
30/12/2022,5.70386,3.62,4.68,3.5,59.7,,
31/01/2023,5.54757,3.53,4.69,3.4,64.9,,
28/02/2023,5.526,3.75,4.93,3.6,67,,